hora,v1,v2,v3,v4,v1 crudo,v2 crudo,v3 crudo,v4 crudo
5/5/2023-17:49:46::0::2::20,0.5,0.5,0.5,0.5,0.0,0.0,0.0,0.0
5/5/2023-17:49:48::3::30::300,0.5,0.5,0.5,0.5,0.0,0.0,0.0,0.0
5/5/2023-17:49:48::3::30::300,0.5,0.5,0.5,0.5,0.0,0.0,0.0,0.0
5/5/2023-17:49:48::3::30::300,0.5,0.5,0.5,0.5,0.0,0.0,0.0,0.0
5/5/2023-17:49:48::4::41::419,0.5,0.5,0.5,0.5,0.0,0.0,0.0,0.0
5/5/2023-17:49:48::4::47::471,0.5,0.5,0.5,0.5,0.0,0.0,0.0,0.0
5/5/2023-17:49:48::4::49::494,0.5,0.5,0.5,0.5,0.0,0.0,0.0,0.0
5/5/2023-17:49:48::5::54::545,0.5,0.5,0.5,0.5,0.0,0.0,0.0,0.0
5/5/2023-17:49:48::5::57::571,0.5,0.5,0.5,0.5,0.0,0.0,0.0,0.0
5/5/2023-17:49:48::6::62::620,0.5,0.5,0.5,0.5,0.0,0.0,0.0,0.0
5/5/2023-17:49:48::6::65::650,0.5,0.5,0.5,0.5,0.0,0.0,0.0,0.0
5/5/2023-17:49:48::6::69::695,0.5,0.5,0.5,0.5,0.0,0.0,0.0,0.0
5/5/2023-17:49:48::7::74::747,0.5,0.5,0.5,0.5,0.0,0.0,0.0,0.0
5/5/2023-17:49:48::7::77::773,0.5,0.5,0.5,0.5,0.0,0.0,0.0,0.0
5/5/2023-17:49:48::8::82::822,0.5,0.5,0.5,0.5,0.0,0.0,0.0,0.0
5/5/2023-17:49:48::8::84::844,0.5,0.5,0.5,0.5,0.0,0.0,0.0,0.0
5/5/2023-17:49:48::8::89::896,0.5,0.5,0.5,0.5,0.0,0.0,0.0,0.0
5/5/2023-17:49:48::9::92::922,0.5,0.5,0.5,0.5,0.0,0.0,0.0,0.0
5/5/2023-17:49:48::9::97::972,0.5,0.5,0.5,0.5,0.0,0.0,0.0,0.0
5/5/2023-17:49:48::0::2::21,0.5,0.5,0.5,0.5,0.0,0.0,0.0,0.0
5/5/2023-17:49:48::0::4::46,0.5,0.5,0.5,0.5,0.0,0.0,0.0,0.0
5/5/2023-17:49:48::0::9::96,0.5,0.5,0.5,0.5,0.0,0.0,0.0,0.0
5/5/2023-17:49:48::1::14::146,0.5,0.5,0.5,0.5,0.0,0.0,0.0,0.0
5/5/2023-17:49:48::1::17::173,0.5,0.5,0.5,0.5,0.0,0.0,0.0,0.0
5/5/2023-17:49:49::2::22::222,0.5,0.5,0.5,0.5,0.0,0.0,0.0,0.0
5/5/2023-17:49:49::2::27::270,0.5,0.5,0.5,0.5,0.0,0.0,0.0,0.0
5/5/2023-17:49:49::2::29::295,0.5,0.5,0.5,0.5,0.0,0.0,0.0,0.0
5/5/2023-17:49:49::3::34::345,0.5,0.5,0.5,0.5,0.0,0.0,0.0,0.0
5/5/2023-17:49:49::3::37::370,0.5,0.5,0.5,0.5,0.0,0.0,0.0,0.0
5/5/2023-17:49:49::4::42::420,0.5,0.5,0.5,0.5,0.0,0.0,0.0,0.0
5/5/2023-17:49:49::4::47::471,0.5,0.5,0.5,0.5,0.0,0.0,0.0,0.0
5/5/2023-17:49:49::4::49::499,0.5,0.5,0.5,0.5,0.0,0.0,0.0,0.0
5/5/2023-17:49:49::5::54::545,0.5,0.5,0.5,0.5,0.0,0.0,0.0,0.0
5/5/2023-17:49:49::5::59::596,0.5,0.5,0.5,0.5,0.0,0.0,0.0,0.0
5/5/2023-17:49:49::6::62::620,0.5,0.5,0.5,0.5,0.0,0.0,0.0,0.0
5/5/2023-17:49:49::6::67::670,0.5,0.5,0.5,0.5,0.0,0.0,0.0,0.0
5/5/2023-17:49:49::6::69::695,0.5,0.5,0.5,0.5,0.0,0.0,0.0,0.0
5/5/2023-17:49:49::7::74::747,0.5,0.5,0.5,0.5,0.0,0.0,0.0,0.0
5/5/2023-17:49:49::7::79::795,0.5,0.5,0.5,0.5,0.0,0.0,0.0,0.0
5/5/2023-17:49:49::8::82::820,0.5,0.5,0.5,0.5,0.0,0.0,0.0,0.0
5/5/2023-17:49:49::8::87::871,0.5,0.5,0.5,0.5,0.0,0.0,0.0,0.0
5/5/2023-17:49:49::8::89::896,0.5,0.5,0.5,0.5,0.0,0.0,0.0,0.0
5/5/2023-17:49:49::9::94::946,0.5,0.5,0.5,0.5,0.0,0.0,0.0,0.0
5/5/2023-17:49:49::9::97::971,0.5,0.5,0.5,0.5,0.0,0.0,0.0,0.0
5/5/2023-17:49:49::0::2::20,0.5,0.5,0.5,0.5,0.0,0.0,0.0,0.0
5/5/2023-17:49:49::0::4::46,0.5,0.5,0.5,0.5,0.0,0.0,0.0,0.0
5/5/2023-17:49:49::0::9::96,0.5,0.5,0.5,0.5,0.0,0.0,0.0,0.0
5/5/2023-17:49:49::1::14::147,0.5,0.5,0.5,0.5,0.0,0.0,0.0,0.0
5/5/2023-17:49:49::1::17::170,0.5,0.5,0.5,0.5,0.0,0.0,0.0,0.0
5/5/2023-17:49:49::2::22::220,0.5,0.5,0.5,0.5,0.0,0.0,0.0,0.0
5/5/2023-17:49:50::2::24::245,0.5,0.5,0.5,0.5,0.0,0.0,0.0,0.0
5/5/2023-17:49:50::2::29::297,0.5,0.5,0.5,0.5,0.0,0.0,0.0,0.0
5/5/2023-17:49:50::3::34::344,0.5,0.5,0.5,0.5,0.0,0.0,0.0,0.0
5/5/2023-17:49:50::3::37::371,0.5,0.5,0.5,0.5,0.0,0.0,0.0,0.0
5/5/2023-17:49:50::4::42::421,0.5,0.5,0.5,0.5,0.0,0.0,0.0,0.0
5/5/2023-17:49:50::4::44::447,0.5,0.5,0.5,0.5,0.0,0.0,0.0,0.0
5/5/2023-17:49:50::4::49::496,0.5,0.5,0.5,0.5,0.0,0.0,0.0,0.0
5/5/2023-17:49:50::5::54::545,0.5,0.5,0.5,0.5,0.0,0.0,0.0,0.0
5/5/2023-17:49:50::5::57::570,0.5,0.5,0.5,0.5,0.0,0.0,0.0,0.0
5/5/2023-17:49:50::6::61::619,0.5,0.5,0.5,0.5,0.0,0.0,0.0,0.0
5/5/2023-17:49:50::6::64::645,0.5,0.5,0.5,0.5,0.0,0.0,0.0,0.0
5/5/2023-17:49:50::6::69::695,0.5,0.5,0.5,0.5,0.0,0.0,0.0,0.0
5/5/2023-17:49:50::7::74::745,0.5,0.5,0.5,0.5,0.0,0.0,0.0,0.0
5/5/2023-17:49:50::7::77::770,0.5,0.5,0.5,0.5,0.0,0.0,0.0,0.0
5/5/2023-17:49:50::8::82::821,0.5,0.5,0.5,0.5,0.0,0.0,0.0,0.0
5/5/2023-17:49:50::8::87::870,0.5,0.5,0.5,0.5,0.0,0.0,0.0,0.0
5/5/2023-17:49:50::8::89::895,0.5,0.5,0.5,0.5,0.0,0.0,0.0,0.0
5/5/2023-17:49:50::9::94::946,0.5,0.5,0.5,0.5,0.0,0.0,0.0,0.0
5/5/2023-17:49:50::9::99::994,0.5,0.5,0.5,0.5,0.0,0.0,0.0,0.0
5/5/2023-17:49:50::0::2::20,0.5,0.5,0.5,0.5,0.0,0.0,0.0,0.0
5/5/2023-17:49:50::0::7::70,0.5,0.5,0.5,0.5,0.0,0.0,0.0,0.0
5/5/2023-17:49:50::0::9::94,0.5,0.5,0.5,0.5,0.0,0.0,0.0,0.0
5/5/2023-17:49:50::1::14::144,0.5,0.5,0.5,0.5,0.0,0.0,0.0,0.0
5/5/2023-17:49:50::1::17::172,0.5,0.5,0.5,0.5,0.0,0.0,0.0,0.0
5/5/2023-17:49:50::2::21::219,0.5,0.5,0.5,0.5,0.0,0.0,0.0,0.0
5/5/2023-17:49:51::2::24::245,0.5,0.5,0.5,0.5,0.0,0.0,0.0,0.0
5/5/2023-17:49:51::2::29::295,0.5,0.5,0.5,0.5,0.0,0.0,0.0,0.0
5/5/2023-17:49:51::3::34::345,0.5,0.5,0.5,0.5,0.0,0.0,0.0,0.0
5/5/2023-17:49:51::3::37::370,0.5,0.5,0.5,0.5,0.0,0.0,0.0,0.0
5/5/2023-17:49:51::4::42::421,0.5,0.5,0.5,0.5,0.0,0.0,0.0,0.0
5/5/2023-17:49:51::4::44::445,0.5,0.5,0.5,0.5,0.0,0.0,0.0,0.0
5/5/2023-17:49:51::4::49::495,0.5,0.5,0.5,0.5,0.0,0.0,0.0,0.0
5/5/2023-17:49:51::5::52::521,0.5,0.5,0.5,0.5,0.0,0.0,0.0,0.0
5/5/2023-17:49:51::5::57::570,0.5,0.5,0.5,0.5,0.0,0.0,0.0,0.0
5/5/2023-17:49:51::6::61::619,0.5,0.5,0.5,0.5,0.0,0.0,0.0,0.0
5/5/2023-17:49:51::6::65::654,0.5,0.5,0.5,0.5,0.0,0.0,0.0,0.0
5/5/2023-17:49:51::6::65::654,0.5,0.5,0.5,0.5,0.0,0.0,0.0,0.0
5/5/2023-17:49:51::6::65::654,0.5,0.5,0.5,0.5,0.0,0.0,0.0,0.0
5/5/2023-17:49:51::6::65::654,0.5,0.5,0.5,0.5,0.0,0.0,0.0,0.0
5/5/2023-17:49:51::6::65::654,0.15325011,0.5,0.5,0.5,1379.251,0.0,0.0,0.0
5/5/2023-17:49:51::6::69::694,0.46761182,0.5,0.5,0.5,4208.5063,0.0,0.0,0.0
5/5/2023-17:49:51::7::72::720,0.37796304,0.5,0.5,0.5,3401.6672,0.0,0.0,0.0
5/5/2023-17:49:51::7::77::770,0.31366727,0.5,0.5,0.5,2823.0054,0.0,0.0,0.0
5/5/2023-17:49:51::8::82::821,0.5429913,0.5,0.5,0.5,4886.9214,0.0,0.0,0.0
5/5/2023-17:49:51::8::87::870,0.36409482,0.5,0.5,0.5,3276.8535,0.0,0.0,0.0
5/5/2023-17:49:51::8::89::899,0.43623352,0.5,0.5,0.5,3926.1018,0.0,0.0,0.0
5/5/2023-17:49:51::9::94::945,0.46805012,0.5,0.5,0.5,4212.451,0.0,0.0,0.0
5/5/2023-17:49:51::9::99::996,0.2704784,0.5,0.5,0.5,2434.3057,0.0,0.0,0.0
5/5/2023-17:49:51::0::2::21,0.44391727,0.5,0.5,0.5,3995.2554,0.0,0.0,0.0
5/5/2023-17:49:51::0::7::70,0.28336343,0.5,0.5,0.5,2550.2708,0.0,0.0,0.0
5/5/2023-17:49:51::0::9::96,0.41300422,0.5,0.5,0.5,3717.0378,0.0,0.0,0.0
5/5/2023-17:49:51::1::14::146,0.55071104,0.5,0.5,0.5,4956.3994,0.0,0.0,0.0
5/5/2023-17:49:51::1::17::172,0.20703909,0.5,0.5,0.5,1863.3518,0.0,0.0,0.0
5/5/2023-17:49:52::2::22::222,0.47490495,0.5,0.5,0.5,4274.1445,0.0,0.0,0.0
5/5/2023-17:49:52::2::24::245,0.382522,0.5,0.5,0.5,3442.698,0.0,0.0,0.0
5/5/2023-17:49:52::2::29::295,0.523433,0.5,0.5,0.5,4710.8975,0.0,0.0,0.0
5/5/2023-17:49:52::3::34::344,0.51155204,0.5,0.5,0.5,4603.9683,0.0,0.0,0.0
5/5/2023-17:49:52::3::37::370,0.1552159,0.5,0.5,0.5,1396.9431,0.0,0.0,0.0
5/5/2023-17:49:52::4::42::422,0.29927486,0.5,0.5,0.5,2693.4736,0.0,0.0,0.0
5/5/2023-17:49:52::4::44::447,0.34947404,0.5,0.5,0.5,3145.2664,0.0,0.0,0.0
5/5/2023-17:49:52::4::49::495,0.16280092,0.5,0.5,0.5,1465.2083,0.0,0.0,0.0
5/5/2023-17:49:52::5::54::545,0.25056705,0.5,0.5,0.5,2255.1035,0.0,0.0,0.0
5/5/2023-17:49:52::5::57::570,0.24373318,0.5,0.5,0.5,2193.5986,0.0,0.0,0.0
5/5/2023-17:49:52::6::62::620,0.41803417,0.5,0.5,0.5,3762.3076,0.0,0.0,0.0
5/5/2023-17:49:52::6::64::646,0.5168934,0.5,0.5,0.5,4652.0405,0.0,0.0,0.0
5/5/2023-17:49:52::6::69::694,0.3128138,0.5,0.5,0.5,2815.3242,0.0,0.0,0.0
5/5/2023-17:49:52::7::72::721,0.19951673,0.5,0.5,0.5,1795.6505,0.0,0.0,0.0
5/5/2023-17:49:52::7::77::771,0.29275617,0.5,0.5,0.5,2634.8054,0.0,0.0,0.0
5/5/2023-17:49:52::8::82::820,0.2791729,0.5,0.5,0.5,2512.5562,0.0,0.0,0.0
5/5/2023-17:49:52::8::84::845,0.55056065,0.5,0.5,0.5,4955.046,0.0,0.0,0.0
5/5/2023-17:49:52::8::89::895,0.30551416,0.5,0.5,0.5,2749.6274,0.0,0.0,0.0
5/5/2023-17:49:52::9::94::944,0.42439342,0.5,0.5,0.5,3819.5408,0.0,0.0,0.0
5/5/2023-17:49:52::9::97::971,0.55133146,0.5,0.5,0.5,4961.9834,0.0,0.0,0.0
5/5/2023-17:49:52::0::1::19,0.1583382,0.5,0.5,0.5,1425.0438,0.0,0.0,0.0
5/5/2023-17:49:52::0::4::44,0.44211456,0.5,0.5,0.5,3979.031,0.0,0.0,0.0
5/5/2023-17:49:52::0::9::96,0.3856748,0.5,0.5,0.5,3471.0732,0.0,0.0,0.0
5/5/2023-17:49:52::1::12::120,0.5509319,0.5,0.5,0.5,4958.3867,0.0,0.0,0.0
5/5/2023-17:49:52::1::17::170,0.17469496,0.5,0.5,0.5,1572.2546,0.0,0.0,0.0
5/5/2023-17:49:53::2::22::221,0.2734241,0.5,0.5,0.5,2460.817,0.0,0.0,0.0
5/5/2023-17:49:53::2::24::246,0.31675482,0.5,0.5,0.5,2850.7935,0.0,0.0,0.0
5/5/2023-17:49:53::2::29::294,0.23906578,0.5,0.5,0.5,2151.592,0.0,0.0,0.0
5/5/2023-17:49:53::3::34::346,0.53681433,0.5,0.5,0.5,4831.329,0.0,0.0,0.0
5/5/2023-17:49:53::3::37::371,0.18294787,0.5,0.5,0.5,1646.5309,0.0,0.0,0.0
5/5/2023-17:49:53::4::42::421,0.20820495,0.5,0.5,0.5,1873.8446,0.0,0.0,0.0
5/5/2023-17:49:53::4::46::469,0.40863904,0.5,0.5,0.5,3677.7515,0.0,0.0,0.0
5/5/2023-17:49:53::4::49::497,0.38988793,0.5,0.5,0.5,3508.9915,0.0,0.0,0.0
5/5/2023-17:49:53::5::54::546,0.3738652,0.5,0.5,0.5,3364.7866,0.0,0.0,0.0
5/5/2023-17:49:53::5::57::570,0.5394597,0.5,0.5,0.5,4855.137,0.0,0.0,0.0
5/5/2023-17:49:53::6::62::621,0.4549884,0.5,0.5,0.5,4094.8955,0.0,0.0,0.0
5/5/2023-17:49:53::6::67::671,0.22631605,0.5,0.5,0.5,2036.8445,0.0,0.0,0.0
5/5/2023-17:49:53::6::69::697,0.31617352,0.5,0.5,0.5,2845.5618,0.0,0.0,0.0
5/5/2023-17:49:53::7::74::745,0.3930988,0.5,0.5,0.5,3537.8892,0.0,0.0,0.0
5/5/2023-17:49:53::7::79::795,0.48237023,0.5,0.5,0.5,4341.332,0.0,0.0,0.0
5/5/2023-17:49:53::8::82::821,0.22434361,0.5,0.5,0.5,2019.0925,0.0,0.0,0.0
5/5/2023-17:49:53::8::87::872,0.22247665,0.5,0.5,0.5,2002.2898,0.0,0.0,0.0
5/5/2023-17:49:53::8::89::897,0.2731558,0.5,0.5,0.5,2458.4023,0.0,0.0,0.0
5/5/2023-17:49:53::9::94::948,0.12251827,0.5,0.5,0.5,1102.6644,0.0,0.0,0.0
5/5/2023-17:49:53::9::97::970,0.3586159,0.5,0.5,0.5,3227.5432,0.0,0.0,0.0
5/5/2023-17:49:53::9::99::994,0.22872852,0.5,0.5,0.5,2058.5566,0.0,0.0,0.0
5/5/2023-17:49:53::0::4::46,0.5195787,0.5,0.5,0.5,4676.208,0.0,0.0,0.0
5/5/2023-17:49:53::0::9::95,0.54566246,0.5,0.5,0.5,4910.9624,0.0,0.0,0.0
5/5/2023-17:49:53::1::12::120,0.24282774,0.5,0.5,0.5,2185.4497,0.0,0.0,0.0
5/5/2023-17:49:53::1::17::177,0.19277674,0.5,0.5,0.5,1734.9906,0.0,0.0,0.0
5/5/2023-17:49:54::2::22::229,0.29431066,0.5,0.5,0.5,2648.796,0.0,0.0,0.0
5/5/2023-17:49:54::2::25::252,0.17223556,0.5,0.5,0.5,1550.1201,0.0,0.0,0.0
5/5/2023-17:49:54::3::30::304,0.32612142,0.5,0.5,0.5,2935.0928,0.0,0.0,0.0
5/5/2023-17:49:54::3::32::329,0.31154346,0.5,0.5,0.5,2803.891,0.0,0.0,0.0
5/5/2023-17:49:54::3::37::379,0.40409982,0.5,0.5,0.5,3636.8984,0.0,0.0,0.0
5/5/2023-17:49:54::4::43::430,0.42734382,0.5,0.5,0.5,3846.0942,0.0,0.0,0.0
5/5/2023-17:49:54::4::45::453,0.40163368,0.5,0.5,0.5,3614.7031,0.0,0.0,0.0
5/5/2023-17:49:54::5::50::505,0.19131625,0.5,0.5,0.5,1721.8462,0.0,0.0,0.0
5/5/2023-17:49:54::5::52::528,0.20936629,0.5,0.5,0.5,1884.2966,0.0,0.0,0.0
5/5/2023-17:49:54::5::57::578,0.29815802,0.5,0.5,0.5,2683.422,0.0,0.0,0.0
5/5/2023-17:49:54::6::60::604,0.33380264,0.5,0.5,0.5,3004.2239,0.0,0.0,0.0
5/5/2023-17:49:54::6::65::653,0.4082531,0.5,0.5,0.5,3674.2778,0.0,0.0,0.0
5/5/2023-17:49:54::6::67::679,0.51470476,0.5,0.5,0.5,4632.343,0.0,0.0,0.0
5/5/2023-17:49:54::7::72::729,0.13073285,0.5,0.5,0.5,1176.5957,0.0,0.0,0.0
5/5/2023-17:49:54::7::77::779,0.4971953,0.5,0.5,0.5,4474.758,0.0,0.0,0.0
5/5/2023-17:49:54::8::82::829,0.29812434,0.5,0.5,0.5,2683.1191,0.0,0.0,0.0
5/5/2023-17:49:54::8::85::854,0.202603,0.5,0.5,0.5,1823.427,0.0,0.0,0.0
5/5/2023-17:49:54::9::90::904,0.49615616,0.5,0.5,0.5,4465.4053,0.0,0.0,0.0
5/5/2023-17:49:54::9::92::928,0.53823555,0.5,0.5,0.5,4844.12,0.0,0.0,0.0
5/5/2023-17:49:54::9::97::979,0.44165194,0.5,0.5,0.5,3974.8674,0.0,0.0,0.0
5/5/2023-17:49:54::0::3::30,0.38349408,0.5,0.5,0.5,3451.4468,0.0,0.0,0.0
5/5/2023-17:49:54::0::5::54,0.532077,0.5,0.5,0.5,4788.6934,0.0,0.0,0.0
5/5/2023-17:49:54::1::10::104,0.2626684,0.5,0.5,0.5,2364.0156,0.0,0.0,0.0
5/5/2023-17:49:54::1::15::153,0.18652324,0.5,0.5,0.5,1678.7092,0.0,0.0,0.0
5/5/2023-17:49:54::1::17::179,0.17505686,0.5,0.5,0.5,1575.5117,0.0,0.0,0.0
5/5/2023-17:49:55::2::22::229,0.2861051,0.5,0.5,0.5,2574.9458,0.0,0.0,0.0
5/5/2023-17:49:55::2::25::254,0.23541862,0.5,0.5,0.5,2118.7676,0.0,0.0,0.0
5/5/2023-17:49:55::3::30::303,0.19815992,0.5,0.5,0.5,1783.4392,0.0,0.0,0.0
5/5/2023-17:49:55::3::32::329,0.33141032,0.5,0.5,0.5,2982.6929,0.0,0.0,0.0
5/5/2023-17:49:55::3::37::379,0.17636167,0.5,0.5,0.5,1587.255,0.0,0.0,0.0
5/5/2023-17:49:55::4::42::429,0.5543878,0.5,0.5,0.5,4989.49,0.0,0.0,0.0
5/5/2023-17:49:55::4::45::456,0.26112652,0.5,0.5,0.5,2350.1387,0.0,0.0,0.0
5/5/2023-17:49:55::5::50::504,0.2928972,0.5,0.5,0.5,2636.0747,0.0,0.0,0.0
5/5/2023-17:49:55::5::52::529,0.45036018,0.5,0.5,0.5,4053.2417,0.0,0.0,0.0
5/5/2023-17:49:55::5::57::578,0.3702157,0.5,0.5,0.5,3331.9414,0.0,0.0,0.0
5/5/2023-17:49:55::6::60::604,0.22669235,0.5,0.5,0.5,2040.2312,0.0,0.0,0.0
5/5/2023-17:49:55::6::65::654,0.21753184,0.5,0.5,0.5,1957.7866,0.0,0.0,0.0
5/5/2023-17:49:55::7::70::704,0.18211548,0.5,0.5,0.5,1639.0393,0.0,0.0,0.0
5/5/2023-17:49:55::7::73::730,0.193808,0.5,0.5,0.5,1744.272,0.0,0.0,0.0
5/5/2023-17:49:55::7::77::779,0.38035506,0.5,0.5,0.5,3423.1956,0.0,0.0,0.0
5/5/2023-17:49:55::8::80::804,0.2852842,0.5,0.5,0.5,2567.5576,0.0,0.0,0.0
5/5/2023-17:49:55::8::85::855,0.39935586,0.5,0.5,0.5,3594.2026,0.0,0.0,0.0
5/5/2023-17:49:55::8::87::879,0.5209227,0.5,0.5,0.5,4688.3047,0.0,0.0,0.0
5/5/2023-17:49:55::9::92::928,0.13167831,0.5,0.5,0.5,1185.1049,0.0,0.0,0.0
5/5/2023-17:49:55::9::97::979,0.17030337,0.5,0.5,0.5,1532.7303,0.0,0.0,0.0
5/5/2023-17:49:55::0::0::4,0.55199134,0.5,0.5,0.5,4967.922,0.0,0.0,0.0
5/5/2023-17:49:55::0::5::53,0.44589555,0.5,0.5,0.5,4013.06,0.0,0.0,0.0
5/5/2023-17:49:55::1::10::105,0.30454248,0.5,0.5,0.5,2740.8823,0.0,0.0,0.0
5/5/2023-17:49:55::1::12::129,0.11167413,0.5,0.5,0.5,1005.06714,0.0,0.0,0.0
5/5/2023-17:49:55::1::17::178,0.4561161,0.5,0.5,0.5,4105.045,0.0,0.0,0.0
5/5/2023-17:49:55::2::20::203,0.12920822,0.5,0.5,0.5,1162.874,0.0,0.0,0.0
5/5/2023-17:49:56::2::25::254,0.43276694,0.5,0.5,0.5,3894.9026,0.0,0.0,0.0
5/5/2023-17:49:56::3::30::304,0.12835209,0.5,0.5,0.5,1155.1688,0.0,0.0,0.0
5/5/2023-17:49:56::3::33::330,0.37383708,0.5,0.5,0.5,3364.5337,0.0,0.0,0.0
5/5/2023-17:49:56::3::38::380,0.1553106,0.5,0.5,0.5,1397.7954,0.0,0.0,0.0
5/5/2023-17:49:56::4::40::403,0.29933143,0.5,0.5,0.5,2693.983,0.0,0.0,0.0
5/5/2023-17:49:56::4::45::454,0.52348864,0.5,0.5,0.5,4711.398,0.0,0.0,0.0
5/5/2023-17:49:56::5::50::504,0.21301109,0.5,0.5,0.5,1917.0997,0.0,0.0,0.0
5/5/2023-17:49:56::5::52::529,0.43187478,0.5,0.5,0.5,3886.873,0.0,0.0,0.0
5/5/2023-17:49:56::5::57::579,0.5148904,0.5,0.5,0.5,4634.013,0.0,0.0,0.0
5/5/2023-17:49:56::6::60::604,0.40265447,0.5,0.5,0.5,3623.8901,0.0,0.0,0.0
5/5/2023-17:49:56::6::65::654,0.15434827,0.5,0.5,0.5,1389.1344,0.0,0.0,0.0
5/5/2023-17:49:56::7::70::702,0.33818695,0.5,0.5,0.5,3043.6826,0.0,0.0,0.0
5/5/2023-17:49:56::7::72::729,0.18213482,0.5,0.5,0.5,1639.2134,0.0,0.0,0.0
5/5/2023-17:49:56::7::78::780,0.13056718,0.5,0.5,0.5,1175.1046,0.0,0.0,0.0
5/5/2023-17:49:56::8::80::805,0.5450824,0.5,0.5,0.5,4905.7417,0.0,0.0,0.0
5/5/2023-17:49:56::8::85::853,0.52875566,0.5,0.5,0.5,4758.801,0.0,0.0,0.0
5/5/2023-17:49:56::8::87::878,0.44625652,0.5,0.5,0.5,4016.3086,0.0,0.0,0.0
5/5/2023-17:49:56::9::92::929,0.3698227,0.5,0.5,0.5,3328.4043,0.0,0.0,0.0
5/5/2023-17:49:56::9::98::980,0.18755281,0.5,0.5,0.5,1687.9753,0.0,0.0,0.0
5/5/2023-17:49:56::0::2::29,0.20657568,0.5,0.5,0.5,1859.1812,0.0,0.0,0.0
5/5/2023-17:49:56::0::5::53,0.52695304,0.5,0.5,0.5,4742.577,0.0,0.0,0.0
5/5/2023-17:49:56::1::10::105,0.5155476,0.5,0.5,0.5,4639.928,0.0,0.0,0.0
5/5/2023-17:49:56::1::15::154,0.3091398,0.5,0.5,0.5,2782.258,0.0,0.0,0.0
5/5/2023-17:49:56::1::17::179,0.29058883,0.5,0.5,0.5,2615.2993,0.0,0.0,0.0
5/5/2023-17:49:57::2::22::229,0.3763093,0.5,0.5,0.5,3386.7837,0.0,0.0,0.0
5/5/2023-17:49:57::2::25::254,0.37372634,0.5,0.5,0.5,3363.537,0.0,0.0,0.0
5/5/2023-17:49:57::3::30::305,0.2010866,0.5,0.5,0.5,1809.7794,0.0,0.0,0.0
5/5/2023-17:49:57::3::35::353,0.29575878,0.5,0.5,0.5,2661.829,0.0,0.0,0.0
5/5/2023-17:49:57::3::37::379,0.29535586,0.5,0.5,0.5,2658.2026,0.0,0.0,0.0
5/5/2023-17:49:57::4::42::429,0.49704596,0.5,0.5,0.5,4473.4136,0.0,0.0,0.0
5/5/2023-17:49:57::4::45::454,0.32770908,0.5,0.5,0.5,2949.3816,0.0,0.0,0.0
5/5/2023-17:49:57::5::50::504,0.3719111,0.5,0.5,0.5,3347.2,0.0,0.0,0.0
5/5/2023-17:49:57::5::55::554,0.2851528,0.5,0.5,0.5,2566.3752,0.0,0.0,0.0
5/5/2023-17:49:57::5::57::579,0.5051135,0.5,0.5,0.5,4546.0215,0.0,0.0,0.0
5/5/2023-17:49:57::6::62::629,0.54448926,0.5,0.5,0.5,4900.4033,0.0,0.0,0.0
5/5/2023-17:49:57::6::65::655,0.12722649,0.5,0.5,0.5,1145.0383,0.0,0.0,0.0
5/5/2023-17:49:57::7::70::705,0.39451134,0.5,0.5,0.5,3550.602,0.0,0.0,0.0
5/5/2023-17:49:57::7::72::728,0.3807873,0.5,0.5,0.5,3427.0857,0.0,0.0,0.0
5/5/2023-17:49:57::7::77::779,0.28512406,0.5,0.5,0.5,2566.1167,0.0,0.0,0.0
5/5/2023-17:49:57::8::82::829,0.11354542,0.5,0.5,0.5,1021.90875,0.0,0.0,0.0
5/5/2023-17:49:57::8::85::853,0.37373355,0.5,0.5,0.5,3363.602,0.0,0.0,0.0
5/5/2023-17:49:57::9::90::905,0.4796773,0.5,0.5,0.5,4317.0957,0.0,0.0,0.0
5/5/2023-17:49:57::9::92::929,0.33001494,0.5,0.5,0.5,2970.1345,0.0,0.0,0.0
5/5/2023-17:49:57::9::97::979,0.11658738,0.5,0.5,0.5,1049.2864,0.0,0.0,0.0
5/5/2023-17:49:57::0::0::4,0.3545484,0.5,0.5,0.5,3190.9355,0.0,0.0,0.0
5/5/2023-17:49:57::0::5::55,0.29000977,0.5,0.5,0.5,2610.088,0.0,0.0,0.0
5/5/2023-17:49:57::1::10::104,0.4273773,0.5,0.5,0.5,3846.3958,0.0,0.0,0.0
5/5/2023-17:49:57::1::12::129,0.2637849,0.5,0.5,0.5,2374.064,0.0,0.0,0.0
5/5/2023-17:49:57::1::17::179,0.3602017,0.5,0.5,0.5,3241.8152,0.0,0.0,0.0
5/5/2023-17:49:57::2::20::204,0.45523828,0.5,0.5,0.5,4097.1445,0.0,0.0,0.0
5/5/2023-17:49:58::2::25::254,0.54105437,0.5,0.5,0.5,4869.4893,0.0,0.0,0.0
5/5/2023-17:49:58::2::27::279,0.4482672,0.5,0.5,0.5,4034.4048,0.0,0.0,0.0
5/5/2023-17:49:58::3::32::329,0.3561705,0.5,0.5,0.5,3205.5347,0.0,0.0,0.0
5/5/2023-17:49:58::3::37::379,0.3214118,0.5,0.5,0.5,2892.706,0.0,0.0,0.0
5/5/2023-17:49:58::4::40::406,0.34666726,0.5,0.5,0.5,3120.0054,0.0,0.0,0.0
5/5/2023-17:49:58::4::45::454,0.55024326,0.5,0.5,0.5,4952.1895,0.0,0.0,0.0
5/5/2023-17:49:58::5::50::505,0.1601125,0.5,0.5,0.5,1441.0125,0.0,0.0,0.0
5/5/2023-17:49:58::5::52::528,0.20727324,0.5,0.5,0.5,1865.4592,0.0,0.0,0.0
5/5/2023-17:49:58::5::57::579,0.40841964,0.5,0.5,0.5,3675.7769,0.0,0.0,0.0
5/5/2023-17:49:58::6::62::629,0.4986618,0.5,0.5,0.5,4487.956,0.0,0.0,0.0
5/5/2023-17:49:58::6::66::661,0.33639807,0.5,0.5,0.5,3027.5825,0.0,0.0,0.0
5/5/2023-17:49:58::7::70::702,0.5528608,0.5,0.5,0.5,4975.747,0.0,0.0,0.0
5/5/2023-17:49:58::7::72::729,0.31257057,0.5,0.5,0.5,2813.1353,0.0,0.0,0.0
5/5/2023-17:49:58::7::77::779,0.41776022,0.5,0.5,0.5,3759.842,0.0,0.0,0.0
5/5/2023-17:49:58::8::82::829,0.20981386,0.5,0.5,0.5,1888.3247,0.0,0.0,0.0
5/5/2023-17:49:58::8::85::855,0.2855796,0.5,0.5,0.5,2570.2163,0.0,0.0,0.0
5/5/2023-17:49:58::9::90::904,0.20934646,0.5,0.5,0.5,1884.1182,0.0,0.0,0.0
5/5/2023-17:49:58::9::92::929,0.20755094,0.5,0.5,0.5,1867.9585,0.0,0.0,0.0
5/5/2023-17:49:58::9::98::980,0.5222794,0.5,0.5,0.5,4700.5146,0.0,0.0,0.0
5/5/2023-17:49:58::0::2::29,0.27847347,0.5,0.5,0.5,2506.2612,0.0,0.0,0.0
5/5/2023-17:49:58::0::5::54,0.13997787,0.5,0.5,0.5,1259.8009,0.0,0.0,0.0
5/5/2023-17:49:58::1::10::104,0.26728207,0.5,0.5,0.5,2405.5386,0.0,0.0,0.0
5/5/2023-17:49:58::1::12::129,0.37682575,0.5,0.5,0.5,3391.4316,0.0,0.0,0.0
5/5/2023-17:49:58::1::17::179,0.49231213,0.5,0.5,0.5,4430.809,0.0,0.0,0.0
5/5/2023-17:49:58::2::20::205,0.17922062,0.5,0.5,0.5,1612.9856,0.0,0.0,0.0
5/5/2023-17:49:59::2::25::256,0.24072371,0.5,0.5,0.5,2166.5134,0.0,0.0,0.0
5/5/2023-17:49:59::3::30::304,0.15603924,0.5,0.5,0.5,1404.3531,0.0,0.0,0.0
5/5/2023-17:49:59::3::32::329,0.2655147,0.5,0.5,0.5,2389.6323,0.0,0.0,0.0
5/5/2023-17:49:59::3::37::379,0.4593673,0.5,0.5,0.5,4134.3057,0.0,0.0,0.0
5/5/2023-17:49:59::4::40::404,0.28628016,0.5,0.5,0.5,2576.5215,0.0,0.0,0.0
5/5/2023-17:49:59::4::45::454,0.21048099,0.5,0.5,0.5,1894.3289,0.0,0.0,0.0
5/5/2023-17:49:59::5::50::504,0.25296614,0.5,0.5,0.5,2276.6953,0.0,0.0,0.0
5/5/2023-17:49:59::5::52::529,0.5528635,0.5,0.5,0.5,4975.7715,0.0,0.0,0.0
5/5/2023-17:49:59::5::57::579,0.18823971,0.5,0.5,0.5,1694.1573,0.0,0.0,0.0
5/5/2023-17:49:59::6::60::603,0.26931658,0.5,0.5,0.5,2423.849,0.0,0.0,0.0
5/5/2023-17:49:59::6::65::653,0.2047329,0.5,0.5,0.5,1842.5961,0.0,0.0,0.0
5/5/2023-17:49:59::6::67::679,0.1443112,0.5,0.5,0.5,1298.8009,0.0,0.0,0.0
5/5/2023-17:49:59::7::73::730,0.45302355,0.5,0.5,0.5,4077.212,0.0,0.0,0.0
5/5/2023-17:49:59::7::77::779,0.44278038,0.5,0.5,0.5,3985.0234,0.0,0.0,0.0
5/5/2023-17:49:59::8::82::828,0.19710723,0.5,0.5,0.5,1773.9651,0.0,0.0,0.0
5/5/2023-17:49:59::8::85::855,0.53736264,0.5,0.5,0.5,4836.2637,0.0,0.0,0.0
5/5/2023-17:49:59::9::90::905,0.2914506,0.5,0.5,0.5,2623.0554,0.0,0.0,0.0
5/5/2023-17:49:59::9::95::955,0.36110651,0.5,0.5,0.5,3249.9587,0.0,0.0,0.0
5/5/2023-17:49:59::9::98::980,0.30569628,0.5,0.5,0.5,2751.2666,0.0,0.0,0.0
5/5/2023-17:49:59::0::2::28,0.44321454,0.5,0.5,0.5,3988.931,0.0,0.0,0.0
5/5/2023-17:49:59::0::2::28,0.30266395,0.5,0.5,0.5,2723.9756,0.0,0.0,0.0
5/5/2023-17:49:59::1::10::103,0.15332067,0.5,0.5,0.5,1379.886,0.0,0.0,0.0
5/5/2023-17:49:59::1::15::154,0.5247604,0.5,0.5,0.5,4722.8438,0.0,0.0,0.0
5/5/2023-17:49:59::1::17::178,0.26192704,0.5,0.5,0.5,2357.3433,0.0,0.0,0.0
5/5/2023-17:50:0::2::22::228,0.5100471,0.5,0.5,0.5,4590.424,0.0,0.0,0.0
5/5/2023-17:50:0::2::25::257,0.40042675,0.5,0.5,0.5,3603.8408,0.0,0.0,0.0
5/5/2023-17:50:0::3::30::305,0.28253278,0.5,0.5,0.5,2542.7952,0.0,0.0,0.0
5/5/2023-17:50:0::3::32::329,0.39049223,0.5,0.5,0.5,3514.4302,0.0,0.0,0.0
5/5/2023-17:50:0::3::37::378,0.11817823,0.5,0.5,0.5,1063.6041,0.0,0.0,0.0
5/5/2023-17:50:0::4::42::429,0.30772755,0.5,0.5,0.5,2769.5479,0.0,0.0,0.0
5/5/2023-17:50:0::4::45::455,0.17404427,0.5,0.5,0.5,1566.3984,0.0,0.0,0.0
5/5/2023-17:50:0::5::50::505,0.11873389,0.5,0.5,0.5,1068.605,0.0,0.0,0.0
5/5/2023-17:50:0::5::52::529,0.2390951,0.5,0.5,0.5,2151.856,0.0,0.0,0.0
5/5/2023-17:50:0::5::57::579,0.48835698,0.5,0.5,0.5,4395.213,0.0,0.0,0.0
5/5/2023-17:50:0::6::60::606,0.3387563,0.5,0.5,0.5,3048.8066,0.0,0.0,0.0
5/5/2023-17:50:0::6::65::657,0.22560729,0.5,0.5,0.5,2030.4656,0.0,0.0,0.0
5/5/2023-17:50:0::7::70::705,0.35374537,0.5,0.5,0.5,3183.7083,0.0,0.0,0.0
5/5/2023-17:50:0::7::72::728,0.24404319,0.5,0.5,0.5,2196.3887,0.0,0.0,0.0
5/5/2023-17:50:0::7::77::779,0.5369709,0.5,0.5,0.5,4832.7383,0.0,0.0,0.0
5/5/2023-17:50:0::8::80::806,0.18000154,0.5,0.5,0.5,1620.0139,0.0,0.0,0.0
5/5/2023-17:50:0::8::85::856,0.22083388,0.5,0.5,0.5,1987.5049,0.0,0.0,0.0
5/5/2023-17:50:0::9::90::903,0.55272937,0.5,0.5,0.5,4974.5645,0.0,0.0,0.0
5/5/2023-17:50:0::9::92::929,0.525922,0.5,0.5,0.5,4733.298,0.0,0.0,0.0
5/5/2023-17:50:0::9::97::979,0.2710461,0.5,0.5,0.5,2439.415,0.0,0.0,0.0
5/5/2023-17:50:0::0::2::29,0.20099828,0.5,0.5,0.5,1808.9845,0.0,0.0,0.0
5/5/2023-17:50:0::0::5::53,0.22709042,0.5,0.5,0.5,2043.8137,0.0,0.0,0.0
5/5/2023-17:50:0::1::10::104,0.49333572,0.5,0.5,0.5,4440.0215,0.0,0.0,0.0
5/5/2023-17:50:0::1::15::153,0.5505699,0.5,0.5,0.5,4955.129,0.0,0.0,0.0
5/5/2023-17:50:0::1::17::178,0.50026226,0.5,0.5,0.5,4502.3604,0.0,0.0,0.0
5/5/2023-17:50:1::2::22::229,0.27904296,0.5,0.5,0.5,2511.3867,0.0,0.0,0.0
5/5/2023-17:50:1::2::25::254,0.3530229,0.5,0.5,0.5,3177.206,0.0,0.0,0.0
5/5/2023-17:50:1::3::30::304,0.45685345,0.5,0.5,0.5,4111.681,0.0,0.0,0.0
5/5/2023-17:50:1::3::35::356,0.3809014,0.5,0.5,0.5,3428.1125,0.0,0.0,0.0
5/5/2023-17:50:1::3::38::380,0.4169641,0.5,0.5,0.5,3752.677,0.0,0.0,0.0
5/5/2023-17:50:1::4::43::430,0.29173663,0.5,0.5,0.5,2625.6296,0.0,0.0,0.0
5/5/2023-17:50:1::4::45::454,0.48097804,0.5,0.5,0.5,4328.8022,0.0,0.0,0.0
5/5/2023-17:50:1::5::50::504,0.42501453,0.5,0.5,0.5,3825.1309,0.0,0.0,0.0
5/5/2023-17:50:1::5::52::529,0.2142459,0.5,0.5,0.5,1928.2131,0.0,0.0,0.0
5/5/2023-17:50:1::5::57::578,0.20626596,0.5,0.5,0.5,1856.3936,0.0,0.0,0.0
5/5/2023-17:50:1::6::62::628,0.20756023,0.5,0.5,0.5,1868.042,0.0,0.0,0.0
5/5/2023-17:50:1::6::65::653,0.37464577,0.5,0.5,0.5,3371.812,0.0,0.0,0.0
5/5/2023-17:50:1::7::70::705,0.28226247,0.5,0.5,0.5,2540.3623,0.0,0.0,0.0
5/5/2023-17:50:1::7::72::729,0.52421016,0.5,0.5,0.5,4717.8916,0.0,0.0,0.0
5/5/2023-17:50:1::7::77::779,0.4900789,0.5,0.5,0.5,4410.71,0.0,0.0,0.0
5/5/2023-17:50:1::8::80::803,0.46650445,0.5,0.5,0.5,4198.54,0.0,0.0,0.0
5/5/2023-17:50:1::8::85::852,0.17143953,0.5,0.5,0.5,1542.9558,0.0,0.0,0.0
5/5/2023-17:50:1::9::90::903,0.44659126,0.5,0.5,0.5,4019.3213,0.0,0.0,0.0
5/5/2023-17:50:1::9::92::929,0.393884,0.5,0.5,0.5,3544.956,0.0,0.0,0.0
5/5/2023-17:50:1::9::97::979,0.17370817,0.5,0.5,0.5,1563.3735,0.0,0.0,0.0
5/5/2023-17:50:1::0::0::6,0.18702164,0.5,0.5,0.5,1683.1948,0.0,0.0,0.0
5/5/2023-17:50:1::0::5::55,0.22786306,0.5,0.5,0.5,2050.7676,0.0,0.0,0.0
5/5/2023-17:50:1::0::7::78,0.51749206,0.5,0.5,0.5,4657.4287,0.0,0.0,0.0
5/5/2023-17:50:1::1::12::129,0.15189984,0.5,0.5,0.5,1367.0986,0.0,0.0,0.0
5/5/2023-17:50:1::1::17::179,0.26884928,0.5,0.5,0.5,2419.6436,0.0,0.0,0.0
5/5/2023-17:50:2::2::22::229,0.31835747,0.5,0.5,0.5,2865.2173,0.0,0.0,0.0
5/5/2023-17:50:2::2::25::253,0.27423677,0.5,0.5,0.5,2468.1309,0.0,0.0,0.0
5/5/2023-17:50:2::3::30::303,0.120973006,0.5,0.5,0.5,1088.7571,0.0,0.0,0.0
5/5/2023-17:50:2::3::35::353,0.14811131,0.5,0.5,0.5,1333.0018,0.0,0.0,0.0
5/5/2023-17:50:2::3::37::379,0.114327244,0.5,0.5,0.5,1028.9452,0.0,0.0,0.0
5/5/2023-17:50:2::4::42::429,0.46691418,0.5,0.5,0.5,4202.2275,0.0,0.0,0.0
5/5/2023-17:50:2::4::45::453,0.31185937,0.5,0.5,0.5,2806.7344,0.0,0.0,0.0
5/5/2023-17:50:2::5::50::504,0.26670557,0.5,0.5,0.5,2400.35,0.0,0.0,0.0
5/5/2023-17:50:2::5::52::529,0.13811983,0.5,0.5,0.5,1243.0785,0.0,0.0,0.0
5/5/2023-17:50:2::5::57::579,0.14317645,0.5,0.5,0.5,1288.588,0.0,0.0,0.0
5/5/2023-17:50:2::6::62::629,0.42045972,0.5,0.5,0.5,3784.1375,0.0,0.0,0.0
5/5/2023-17:50:2::6::65::654,0.48597905,0.5,0.5,0.5,4373.8115,0.0,0.0,0.0
5/5/2023-17:50:2::7::70::704,0.40920264,0.5,0.5,0.5,3682.8237,0.0,0.0,0.0
5/5/2023-17:50:2::7::75::756,0.30034527,0.5,0.5,0.5,2703.1074,0.0,0.0,0.0
5/5/2023-17:50:2::7::77::779,0.5004335,0.5,0.5,0.5,4503.9014,0.0,0.0,0.0
5/5/2023-17:50:2::8::82::829,0.32097143,0.5,0.5,0.5,2888.743,0.0,0.0,0.0
5/5/2023-17:50:2::8::82::829,0.41515243,0.5,0.5,0.5,3736.3718,0.0,0.0,0.0
5/5/2023-17:50:2::9::90::904,0.3210384,0.5,0.5,0.5,2889.3455,0.0,0.0,0.0
5/5/2023-17:50:2::9::92::929,0.1905055,0.5,0.5,0.5,1714.5496,0.0,0.0,0.0
5/5/2023-17:50:2::9::97::979,0.16498011,0.5,0.5,0.5,1484.821,0.0,0.0,0.0
5/5/2023-17:50:2::0::2::29,0.22332118,0.5,0.5,0.5,2009.8906,0.0,0.0,0.0
5/5/2023-17:50:2::0::5::54,0.21178426,0.5,0.5,0.5,1906.0583,0.0,0.0,0.0
5/5/2023-17:50:2::1::10::104,0.49778932,0.5,0.5,0.5,4480.104,0.0,0.0,0.0
5/5/2023-17:50:2::1::12::128,0.18648253,0.5,0.5,0.5,1678.3428,0.0,0.0,0.0
5/5/2023-17:50:2::1::17::179,0.36309263,0.5,0.5,0.5,3267.8337,0.0,0.0,0.0
5/5/2023-17:50:2::2::20::204,0.2721955,0.5,0.5,0.5,2449.7595,0.0,0.0,0.0
5/5/2023-17:50:3::2::25::254,0.5242306,0.5,0.5,0.5,4718.075,0.0,0.0,0.0
5/5/2023-17:50:3::3::30::305,0.15121487,0.5,0.5,0.5,1360.9338,0.0,0.0,0.0
5/5/2023-17:50:3::3::32::329,0.3312264,0.5,0.5,0.5,2981.0376,0.0,0.0,0.0
5/5/2023-17:50:3::3::37::379,0.4579883,0.5,0.5,0.5,4121.8945,0.0,0.0,0.0
5/5/2023-17:50:3::4::40::404,0.26344842,0.5,0.5,0.5,2371.0356,0.0,0.0,0.0
5/5/2023-17:50:3::4::45::453,0.49624935,0.5,0.5,0.5,4466.244,0.0,0.0,0.0
5/5/2023-17:50:3::5::50::504,0.36147815,0.5,0.5,0.5,3253.3032,0.0,0.0,0.0
5/5/2023-17:50:3::5::53::530,0.47316304,0.5,0.5,0.5,4258.4673,0.0,0.0,0.0
5/5/2023-17:50:3::5::57::579,0.23508751,0.5,0.5,0.5,2115.7876,0.0,0.0,0.0
5/5/2023-17:50:3::6::62::629,0.4391454,0.5,0.5,0.5,3952.3086,0.0,0.0,0.0
5/5/2023-17:50:3::6::65::654,0.1441537,0.5,0.5,0.5,1297.3833,0.0,0.0,0.0
5/5/2023-17:50:3::7::70::704,0.48682627,0.5,0.5,0.5,4381.4365,0.0,0.0,0.0
5/5/2023-17:50:3::7::75::753,0.23420201,0.5,0.5,0.5,2107.818,0.0,0.0,0.0
5/5/2023-17:50:3::7::78::780,0.12952188,0.5,0.5,0.5,1165.6969,0.0,0.0,0.0
5/5/2023-17:50:3::8::82::829,0.3170049,0.5,0.5,0.5,2853.044,0.0,0.0,0.0
5/5/2023-17:50:3::8::85::854,0.3883084,0.5,0.5,0.5,3494.7756,0.0,0.0,0.0
5/5/2023-17:50:3::9::90::903,0.359829,0.5,0.5,0.5,3238.4612,0.0,0.0,0.0
5/5/2023-17:50:3::9::95::954,0.29105958,0.5,0.5,0.5,2619.5361,0.0,0.0,0.0
5/5/2023-17:50:3::9::97::979,0.31280047,0.5,0.5,0.5,2815.204,0.0,0.0,0.0
5/5/2023-17:50:3::0::2::29,0.3028022,0.5,0.5,0.5,2725.2197,0.0,0.0,0.0
5/5/2023-17:50:3::0::5::53,0.123456135,0.5,0.5,0.5,1111.1052,0.0,0.0,0.0
5/5/2023-17:50:3::1::10::105,0.52540123,0.5,0.5,0.5,4728.6113,0.0,0.0,0.0
5/5/2023-17:50:3::1::12::129,0.33483925,0.5,0.5,0.5,3013.5532,0.0,0.0,0.0
5/5/2023-17:50:3::1::17::179,0.5502507,0.5,0.5,0.5,4952.2563,0.0,0.0,0.0
5/5/2023-17:50:4::2::22::229,0.5107578,0.5,0.5,0.5,4596.8203,0.0,0.0,0.0
5/5/2023-17:50:4::2::25::255,0.14013302,0.5,0.5,0.5,1261.1973,0.0,0.0,0.0
5/5/2023-17:50:4::3::30::304,0.112623505,0.5,0.5,0.5,1013.6116,0.0,0.0,0.0
5/5/2023-17:50:4::3::32::328,0.21114576,0.5,0.5,0.5,1900.3118,0.0,0.0,0.0
5/5/2023-17:50:4::3::37::379,0.26634508,0.5,0.5,0.5,2397.1057,0.0,0.0,0.0
5/5/2023-17:50:4::4::41::410,0.43463314,0.5,0.5,0.5,3911.6982,0.0,0.0,0.0
5/5/2023-17:50:4::4::45::458,0.52915335,0.5,0.5,0.5,4762.3804,0.0,0.0,0.0
5/5/2023-17:50:4::5::50::504,0.17302272,0.5,0.5,0.5,1557.2045,0.0,0.0,0.0
5/5/2023-17:50:4::5::52::529,0.36921093,0.5,0.5,0.5,3322.8984,0.0,0.0,0.0
5/5/2023-17:50:4::5::57::579,0.5284143,0.5,0.5,0.5,4755.7285,0.0,0.0,0.0
5/5/2023-17:50:4::6::60::603,0.21795943,0.5,0.5,0.5,1961.6349,0.0,0.0,0.0
5/5/2023-17:50:4::6::65::653,0.40869167,0.5,0.5,0.5,3678.225,0.0,0.0,0.0
5/5/2023-17:50:4::6::68::682,0.17864963,0.5,0.5,0.5,1607.8467,0.0,0.0,0.0
5/5/2023-17:50:4::7::73::730,0.1408471,0.5,0.5,0.5,1267.6239,0.0,0.0,0.0
5/5/2023-17:50:4::7::77::778,0.5125568,0.5,0.5,0.5,4613.011,0.0,0.0,0.0
5/5/2023-17:50:4::8::80::803,0.17094749,0.5,0.5,0.5,1538.5275,0.0,0.0,0.0
5/5/2023-17:50:4::8::85::853,0.548427,0.5,0.5,0.5,4935.843,0.0,0.0,0.0
5/5/2023-17:50:4::9::90::903,0.16329609,0.5,0.5,0.5,1469.6648,0.0,0.0,0.0
5/5/2023-17:50:4::9::93::930,0.4387125,0.5,0.5,0.5,3948.4126,0.0,0.0,0.0
5/5/2023-17:50:4::9::98::980,0.23048052,0.5,0.5,0.5,2074.3247,0.0,0.0,0.0
5/5/2023-17:50:4::0::0::3,0.35736582,0.5,0.5,0.5,3216.2925,0.0,0.0,0.0
5/5/2023-17:50:4::0::5::54,0.17946634,0.5,0.5,0.5,1615.197,0.0,0.0,0.0
5/5/2023-17:50:4::1::10::103,0.55071145,0.5,0.5,0.5,4956.4033,0.0,0.0,0.0
5/5/2023-17:50:4::1::15::154,0.24828255,0.5,0.5,0.5,2234.543,0.0,0.0,0.0
5/5/2023-17:50:4::1::17::179,0.2818117,0.5,0.5,0.5,2536.3054,0.0,0.0,0.0
5/5/2023-17:50:5::2::22::229,0.12438821,0.5,0.5,0.5,1119.4939,0.0,0.0,0.0
5/5/2023-17:50:5::2::25::254,0.2524682,0.5,0.5,0.5,2272.2139,0.0,0.0,0.0
5/5/2023-17:50:5::3::30::304,0.21561463,0.5,0.5,0.5,1940.5317,0.0,0.0,0.0
5/5/2023-17:50:5::3::35::355,0.11335656,0.5,0.5,0.5,1020.20905,0.0,0.0,0.0
5/5/2023-17:50:5::3::38::380,0.4822538,0.5,0.5,0.5,4340.284,0.0,0.0,0.0
5/5/2023-17:50:5::4::42::429,0.2178106,0.5,0.5,0.5,1960.2954,0.0,0.0,0.0
5/5/2023-17:50:5::4::45::456,0.53067327,0.5,0.5,0.5,4776.0596,0.0,0.0,0.0
5/5/2023-17:50:5::5::50::503,0.24547903,0.5,0.5,0.5,2209.3113,0.0,0.0,0.0
5/5/2023-17:50:5::5::55::554,0.4371679,0.5,0.5,0.5,3934.5112,0.0,0.0,0.0
5/5/2023-17:50:5::5::57::579,0.4045611,0.5,0.5,0.5,3641.0498,0.0,0.0,0.0
5/5/2023-17:50:5::6::63::630,0.3021695,0.5,0.5,0.5,2719.5254,0.0,0.0,0.0
5/5/2023-17:50:5::6::65::654,0.1696609,0.5,0.5,0.5,1526.948,0.0,0.0,0.0
5/5/2023-17:50:5::7::70::705,0.34464267,0.5,0.5,0.5,3101.784,0.0,0.0,0.0
5/5/2023-17:50:5::7::72::729,0.19632566,0.5,0.5,0.5,1766.9309,0.0,0.0,0.0
5/5/2023-17:50:5::7::77::779,0.36267015,0.5,0.5,0.5,3264.0312,0.0,0.0,0.0
5/5/2023-17:50:5::8::80::804,0.4129225,0.5,0.5,0.5,3716.3025,0.0,0.0,0.0
5/5/2023-17:50:5::8::85::855,0.20591268,0.5,0.5,0.5,1853.2141,0.0,0.0,0.0
5/5/2023-17:50:5::8::87::879,0.24663031,0.5,0.5,0.5,2219.6729,0.0,0.0,0.0
5/5/2023-17:50:5::9::92::929,0.3988964,0.5,0.5,0.5,3590.0676,0.0,0.0,0.0
5/5/2023-17:50:5::9::97::979,0.32717803,0.5,0.5,0.5,2944.6023,0.0,0.0,0.0
5/5/2023-17:50:5::0::0::3,0.54051864,0.5,0.5,0.5,4864.668,0.0,0.0,0.0
5/5/2023-17:50:5::0::5::54,0.4082652,0.5,0.5,0.5,3674.387,0.0,0.0,0.0
5/5/2023-17:50:5::0::7::79,0.50710815,0.5,0.5,0.5,4563.9736,0.0,0.0,0.0
5/5/2023-17:50:5::1::12::129,0.49809158,0.5,0.5,0.5,4482.824,0.0,0.0,0.0
5/5/2023-17:50:5::1::17::179,0.15510459,0.5,0.5,0.5,1395.9413,0.0,0.0,0.0
5/5/2023-17:50:5::2::20::205,0.28497446,0.5,0.5,0.5,2564.77,0.0,0.0,0.0
5/5/2023-17:50:6::2::25::253,0.42216238,0.5,0.5,0.5,3799.4614,0.0,0.0,0.0
5/5/2023-17:50:6::3::30::303,0.35925236,0.5,0.5,0.5,3233.2712,0.0,0.0,0.0
5/5/2023-17:50:6::3::32::329,0.29496977,0.5,0.5,0.5,2654.728,0.0,0.0,0.0
5/5/2023-17:50:6::3::37::379,0.50069064,0.5,0.5,0.5,4506.216,0.0,0.0,0.0
5/5/2023-17:50:6::4::40::404,0.49647167,0.5,0.5,0.5,4468.245,0.0,0.0,0.0
5/5/2023-17:50:6::4::45::454,0.2710121,0.5,0.5,0.5,2439.109,0.0,0.0,0.0
5/5/2023-17:50:6::5::50::503,0.32129022,0.5,0.5,0.5,2891.612,0.0,0.0,0.0
5/5/2023-17:50:6::5::53::530,0.16913523,0.5,0.5,0.5,1522.217,0.0,0.0,0.0
5/5/2023-17:50:6::5::57::579,0.29673052,0.5,0.5,0.5,2670.5747,0.0,0.0,0.0
5/5/2023-17:50:6::6::60::605,0.2259387,0.5,0.5,0.5,2033.4482,0.0,0.0,0.0
5/5/2023-17:50:6::6::65::655,0.11415039,0.5,0.5,0.5,1027.3535,0.0,0.0,0.0
5/5/2023-17:50:6::6::67::678,0.16873752,0.5,0.5,0.5,1518.6377,0.0,0.0,0.0
5/5/2023-17:50:6::7::72::729,0.303466,0.5,0.5,0.5,2731.1938,0.0,0.0,0.0
5/5/2023-17:50:6::7::77::779,0.1607308,0.5,0.5,0.5,1446.5771,0.0,0.0,0.0
5/5/2023-17:50:6::8::80::807,0.4329527,0.5,0.5,0.5,3896.5742,0.0,0.0,0.0
5/5/2023-17:50:6::8::85::853,0.17969675,0.5,0.5,0.5,1617.2708,0.0,0.0,0.0
5/5/2023-17:50:6::9::90::907,0.39858466,0.5,0.5,0.5,3587.262,0.0,0.0,0.0
5/5/2023-17:50:6::9::92::929,0.36409274,0.5,0.5,0.5,3276.8347,0.0,0.0,0.0
5/5/2023-17:50:6::9::97::978,0.4405884,0.5,0.5,0.5,3965.2957,0.0,0.0,0.0
5/5/2023-17:50:6::0::2::29,0.21822987,0.5,0.5,0.5,1964.0688,0.0,0.0,0.0
5/5/2023-17:50:6::0::5::54,0.37345394,0.5,0.5,0.5,3361.0854,0.0,0.0,0.0
5/5/2023-17:50:6::1::10::104,0.42712095,0.5,0.5,0.5,3844.0886,0.0,0.0,0.0
5/5/2023-17:50:6::1::15::155,0.4365263,0.5,0.5,0.5,3928.7368,0.0,0.0,0.0
5/5/2023-17:50:6::1::17::179,0.28340158,0.5,0.5,0.5,2550.6143,0.0,0.0,0.0
5/5/2023-17:50:7::2::23::230,0.35593578,0.5,0.5,0.5,3203.422,0.0,0.0,0.0
5/5/2023-17:50:7::2::25::254,0.21090576,0.5,0.5,0.5,1898.1519,0.0,0.0,0.0
5/5/2023-17:50:7::3::30::305,0.41867134,0.5,0.5,0.5,3768.042,0.0,0.0,0.0
5/5/2023-17:50:7::3::35::354,0.20269799,0.5,0.5,0.5,1824.282,0.0,0.0,0.0
5/5/2023-17:50:7::3::37::379,0.17295827,0.5,0.5,0.5,1556.6244,0.0,0.0,0.0
5/5/2023-17:50:7::4::42::429,0.45261344,0.5,0.5,0.5,4073.521,0.0,0.0,0.0
5/5/2023-17:50:7::4::45::454,0.11670075,0.5,0.5,0.5,1050.3068,0.0,0.0,0.0
5/5/2023-17:50:7::5::50::504,0.12446689,0.5,0.5,0.5,1120.202,0.0,0.0,0.0
5/5/2023-17:50:7::5::52::529,0.13192649,0.5,0.5,0.5,1187.3384,0.0,0.0,0.0
5/5/2023-17:50:7::5::57::579,0.14497973,0.5,0.5,0.5,1304.8176,0.0,0.0,0.0
5/5/2023-17:50:7::6::63::630,0.49645376,0.5,0.5,0.5,4468.084,0.0,0.0,0.0
5/5/2023-17:50:7::6::65::655,0.24956012,0.5,0.5,0.5,2246.041,0.0,0.0,0.0
5/5/2023-17:50:7::7::70::704,0.53386635,0.5,0.5,0.5,4804.7974,0.0,0.0,0.0
5/5/2023-17:50:7::7::72::729,0.37722883,0.5,0.5,0.5,3395.0593,0.0,0.0,0.0
5/5/2023-17:50:7::7::77::779,0.48529038,0.5,0.5,0.5,4367.6133,0.0,0.0,0.0
5/5/2023-17:50:7::8::80::804,0.35787618,0.5,0.5,0.5,3220.8857,0.0,0.0,0.0
5/5/2023-17:50:7::8::85::854,0.11159475,0.5,0.5,0.5,1004.3528,0.0,0.0,0.0
5/5/2023-17:50:7::8::87::878,0.23606947,0.5,0.5,0.5,2124.6252,0.0,0.0,0.0
5/5/2023-17:50:7::9::93::930,0.2674449,0.5,0.5,0.5,2407.0042,0.0,0.0,0.0
5/5/2023-17:50:7::9::98::980,0.20628624,0.5,0.5,0.5,1856.5762,0.0,0.0,0.0
5/5/2023-17:50:7::0::0::3,0.54562926,0.5,0.5,0.5,4910.6636,0.0,0.0,0.0
5/5/2023-17:50:7::0::5::55,0.48648405,0.5,0.5,0.5,4378.3564,0.0,0.0,0.0
5/5/2023-17:50:7::1::10::104,0.46407303,0.5,0.5,0.5,4176.657,0.0,0.0,0.0
5/5/2023-17:50:7::1::12::129,0.28120255,0.5,0.5,0.5,2530.823,0.0,0.0,0.0
5/5/2023-17:50:7::1::17::179,0.5063701,0.5,0.5,0.5,4557.331,0.0,0.0,0.0
5/5/2023-17:50:8::2::22::229,0.35998324,0.5,0.5,0.5,3239.849,0.0,0.0,0.0
5/5/2023-17:50:8::2::25::254,0.2029983,0.5,0.5,0.5,1826.9846,0.0,0.0,0.0
5/5/2023-17:50:8::3::30::305,0.48953322,0.5,0.5,0.5,4405.799,0.0,0.0,0.0
5/5/2023-17:50:8::3::35::354,0.23429278,0.5,0.5,0.5,2108.635,0.0,0.0,0.0
5/5/2023-17:50:8::3::37::379,0.35072178,0.5,0.5,0.5,3156.496,0.0,0.0,0.0
5/5/2023-17:50:8::4::43::430,0.36313123,0.5,0.5,0.5,3268.1812,0.0,0.0,0.0
5/5/2023-17:50:8::4::45::455,0.11952401,0.5,0.5,0.5,1075.7161,0.0,0.0,0.0
5/5/2023-17:50:8::5::50::503,0.54953176,0.5,0.5,0.5,4945.7856,0.0,0.0,0.0
5/5/2023-17:50:8::5::55::556,0.35883132,0.5,0.5,0.5,3229.482,0.0,0.0,0.0
5/5/2023-17:50:8::5::57::579,0.520108,0.5,0.5,0.5,4680.9717,0.0,0.0,0.0
5/5/2023-17:50:8::6::62::629,0.23074311,0.5,0.5,0.5,2076.688,0.0,0.0,0.0
5/5/2023-17:50:8::6::65::654,0.21207552,0.5,0.5,0.5,1908.6797,0.0,0.0,0.0
5/5/2023-17:50:8::7::70::704,0.150609,0.5,0.5,0.5,1355.481,0.0,0.0,0.0
5/5/2023-17:50:8::7::75::754,0.312912,0.5,0.5,0.5,2816.208,0.0,0.0,0.0
5/5/2023-17:50:8::7::77::779,0.11877169,0.5,0.5,0.5,1068.9452,0.0,0.0,0.0
5/5/2023-17:50:8::8::82::829,0.46343598,0.5,0.5,0.5,4170.924,0.0,0.0,0.0
5/5/2023-17:50:8::8::85::855,0.45328742,0.5,0.5,0.5,4079.587,0.0,0.0,0.0
5/5/2023-17:50:8::9::90::904,0.1486012,0.5,0.5,0.5,1337.4109,0.0,0.0,0.0
5/5/2023-17:50:8::9::93::930,0.36942333,0.5,0.5,0.5,3324.81,0.0,0.0,0.0
5/5/2023-17:50:8::9::98::980,0.43997842,0.5,0.5,0.5,3959.806,0.0,0.0,0.0
5/5/2023-17:50:8::0::3::30,0.462528,0.5,0.5,0.5,4162.752,0.0,0.0,0.0
5/5/2023-17:50:8::0::5::55,0.25657272,0.5,0.5,0.5,2309.1545,0.0,0.0,0.0
5/5/2023-17:50:8::1::10::104,0.13974516,0.5,0.5,0.5,1257.7064,0.0,0.0,0.0
5/5/2023-17:50:8::1::13::130,0.25614446,0.5,0.5,0.5,2305.3003,0.0,0.0,0.0
5/5/2023-17:50:8::1::18::181,0.37611476,0.5,0.5,0.5,3385.0327,0.0,0.0,0.0
5/5/2023-17:50:8::2::20::204,0.27256703,0.5,0.5,0.5,2453.1033,0.0,0.0,0.0
5/5/2023-17:50:9::2::25::259,0.25027376,0.5,0.5,0.5,2252.4639,0.0,0.0,0.0
5/5/2023-17:50:9::3::30::303,0.4407862,0.5,0.5,0.5,3967.076,0.0,0.0,0.0
5/5/2023-17:50:9::3::32::329,0.46377903,0.5,0.5,0.5,4174.011,0.0,0.0,0.0
5/5/2023-17:50:9::3::37::379,0.34919825,0.5,0.5,0.5,3142.7842,0.0,0.0,0.0
5/5/2023-17:50:9::4::40::404,0.49580896,0.5,0.5,0.5,4462.281,0.0,0.0,0.0
5/5/2023-17:50:9::4::45::454,0.16246155,0.5,0.5,0.5,1462.1539,0.0,0.0,0.0
5/5/2023-17:50:9::5::50::504,0.47268435,0.5,0.5,0.5,4254.159,0.0,0.0,0.0
5/5/2023-17:50:9::5::52::529,0.4456007,0.5,0.5,0.5,4010.4062,0.0,0.0,0.0
5/5/2023-17:50:9::5::57::579,0.25471947,0.5,0.5,0.5,2292.475,0.0,0.0,0.0
5/5/2023-17:50:9::6::62::629,0.28636807,0.5,0.5,0.5,2577.3127,0.0,0.0,0.0
5/5/2023-17:50:9::6::65::655,0.4953801,0.5,0.5,0.5,4458.421,0.0,0.0,0.0
5/5/2023-17:50:9::7::70::705,0.41993532,0.5,0.5,0.5,3779.4177,0.0,0.0,0.0
5/5/2023-17:50:9::7::75::754,0.23084472,0.5,0.5,0.5,2077.6025,0.0,0.0,0.0
5/5/2023-17:50:9::7::77::779,0.20454729,0.5,0.5,0.5,1840.9255,0.0,0.0,0.0
5/5/2023-17:50:9::8::82::829,0.19346696,0.5,0.5,0.5,1741.2026,0.0,0.0,0.0
5/5/2023-17:50:9::8::85::854,0.37362722,0.5,0.5,0.5,3362.645,0.0,0.0,0.0
5/5/2023-17:50:9::9::90::904,0.26346657,0.5,0.5,0.5,2371.1992,0.0,0.0,0.0
5/5/2023-17:50:9::9::95::956,0.35028532,0.5,0.5,0.5,3152.5679,0.0,0.0,0.0
5/5/2023-17:50:9::9::98::980,0.5231131,0.5,0.5,0.5,4708.0176,0.0,0.0,0.0
5/5/2023-17:50:9::0::3::30,0.53199744,0.5,0.5,0.5,4787.977,0.0,0.0,0.0
5/5/2023-17:50:9::0::5::54,0.22370298,0.5,0.5,0.5,2013.3269,0.0,0.0,0.0
5/5/2023-17:50:9::1::10::104,0.24353771,0.5,0.5,0.5,2191.8394,0.0,0.0,0.0
5/5/2023-17:50:9::1::12::129,0.54106563,0.5,0.5,0.5,4869.591,0.0,0.0,0.0
5/5/2023-17:50:9::1::17::179,0.4560295,0.5,0.5,0.5,4104.2656,0.0,0.0,0.0
5/5/2023-17:50:10::2::22::229,0.52664614,0.5,0.5,0.5,4739.8154,0.0,0.0,0.0
5/5/2023-17:50:10::2::25::255,0.38659135,0.5,0.5,0.5,3479.322,0.0,0.0,0.0
5/5/2023-17:50:10::3::30::304,0.15421888,0.5,0.5,0.5,1387.97,0.0,0.0,0.0
5/5/2023-17:50:10::3::32::329,0.51273227,0.5,0.5,0.5,4614.5903,0.0,0.0,0.0
5/5/2023-17:50:10::3::37::379,0.54229057,0.5,0.5,0.5,4880.615,0.0,0.0,0.0
5/5/2023-17:50:10::4::42::429,0.137096,0.5,0.5,0.5,1233.864,0.0,0.0,0.0
5/5/2023-17:50:10::4::45::454,0.46361113,0.5,0.5,0.5,4172.5,0.0,0.0,0.0
5/5/2023-17:50:10::5::50::504,0.18665735,0.5,0.5,0.5,1679.9161,0.0,0.0,0.0
5/5/2023-17:50:10::5::52::529,0.25639266,0.5,0.5,0.5,2307.534,0.0,0.0,0.0
5/5/2023-17:50:10::5::57::579,0.52392215,0.5,0.5,0.5,4715.2993,0.0,0.0,0.0
5/5/2023-17:50:10::6::60::604,0.49778733,0.5,0.5,0.5,4480.086,0.0,0.0,0.0
5/5/2023-17:50:10::6::65::656,0.17707255,0.5,0.5,0.5,1593.653,0.0,0.0,0.0
5/5/2023-17:50:10::7::70::704,0.13232294,0.5,0.5,0.5,1190.9065,0.0,0.0,0.0
5/5/2023-17:50:10::7::72::728,0.20852797,0.5,0.5,0.5,1876.7517,0.0,0.0,0.0
5/5/2023-17:50:10::7::77::778,0.4628161,0.5,0.5,0.5,4165.3447,0.0,0.0,0.0
5/5/2023-17:50:10::8::80::804,0.20769893,0.5,0.5,0.5,1869.2903,0.0,0.0,0.0
5/5/2023-17:50:10::8::85::855,0.17553991,0.5,0.5,0.5,1579.8593,0.0,0.0,0.0
5/5/2023-17:50:10::9::90::904,0.25052035,0.5,0.5,0.5,2254.683,0.0,0.0,0.0
5/5/2023-17:50:10::9::92::928,0.19030683,0.5,0.5,0.5,1712.7615,0.0,0.0,0.0
5/5/2023-17:50:10::9::98::980,0.49937564,0.5,0.5,0.5,4494.381,0.0,0.0,0.0
5/5/2023-17:50:10::0::2::29,0.43488458,0.5,0.5,0.5,3913.9612,0.0,0.0,0.0
5/5/2023-17:50:10::0::5::55,0.2821412,0.5,0.5,0.5,2539.271,0.0,0.0,0.0
5/5/2023-17:50:10::1::10::104,0.47535074,0.5,0.5,0.5,4278.1567,0.0,0.0,0.0
5/5/2023-17:50:10::1::15::153,0.29247114,0.5,0.5,0.5,2632.2402,0.0,0.0,0.0
5/5/2023-17:50:10::1::17::179,0.3555112,0.5,0.5,0.5,3199.6006,0.0,0.0,0.0
5/5/2023-17:50:11::2::22::229,0.41071337,0.5,0.5,0.5,3696.4204,0.0,0.0,0.0
5/5/2023-17:50:11::2::22::229,0.23292583,0.5,0.5,0.5,2096.3325,0.0,0.0,0.0
5/5/2023-17:50:11::3::30::304,0.5342291,0.5,0.5,0.5,4808.062,0.0,0.0,0.0
5/5/2023-17:50:11::3::35::353,0.21661037,0.5,0.5,0.5,1949.4934,0.0,0.0,0.0
5/5/2023-17:50:11::3::37::379,0.3802399,0.5,0.5,0.5,3422.1592,0.0,0.0,0.0
5/5/2023-17:50:11::4::42::429,0.27934355,0.5,0.5,0.5,2514.0918,0.0,0.0,0.0
5/5/2023-17:50:11::4::45::457,0.2523668,0.5,0.5,0.5,2271.3013,0.0,0.0,0.0
5/5/2023-17:50:11::5::50::505,0.4008703,0.5,0.5,0.5,3607.8325,0.0,0.0,0.0
5/5/2023-17:50:11::5::52::529,0.30324686,0.5,0.5,0.5,2729.2217,0.0,0.0,0.0
5/5/2023-17:50:11::5::57::579,0.45928818,0.5,0.5,0.5,4133.5938,0.0,0.0,0.0
5/5/2023-17:50:11::6::60::603,0.33515102,0.5,0.5,0.5,3016.3591,0.0,0.0,0.0
5/5/2023-17:50:11::6::65::654,0.5443061,0.5,0.5,0.5,4898.755,0.0,0.0,0.0
5/5/2023-17:50:11::7::70::705,0.4761904,0.5,0.5,0.5,4285.7134,0.0,0.0,0.0
5/5/2023-17:50:11::7::73::730,0.1626187,0.5,0.5,0.5,1463.5682,0.0,0.0,0.0
5/5/2023-17:50:11::7::78::780,0.3851609,0.5,0.5,0.5,3466.448,0.0,0.0,0.0
5/5/2023-17:50:11::8::80::804,0.27628335,0.5,0.5,0.5,2486.5503,0.0,0.0,0.0
5/5/2023-17:50:11::8::85::854,0.5000837,0.5,0.5,0.5,4500.753,0.0,0.0,0.0
5/5/2023-17:50:11::9::90::903,0.4723335,0.5,0.5,0.5,4251.0015,0.0,0.0,0.0
5/5/2023-17:50:11::9::92::929,0.47124192,0.5,0.5,0.5,4241.1772,0.0,0.0,0.0
5/5/2023-17:50:11::9::97::978,0.4421604,0.5,0.5,0.5,3979.4436,0.0,0.0,0.0
5/5/2023-17:50:11::0::0::4,0.45537338,0.5,0.5,0.5,4098.3604,0.0,0.0,0.0
5/5/2023-17:50:11::0::5::55,0.4768725,0.5,0.5,0.5,4291.8525,0.0,0.0,0.0
5/5/2023-17:50:11::0::7::78,0.38439327,0.5,0.5,0.5,3459.5396,0.0,0.0,0.0
5/5/2023-17:50:11::1::12::128,0.15714437,0.5,0.5,0.5,1414.2993,0.0,0.0,0.0
5/5/2023-17:50:11::1::17::179,0.43527058,0.5,0.5,0.5,3917.4353,0.0,0.0,0.0
5/5/2023-17:50:11::2::20::203,0.4218763,0.5,0.5,0.5,3796.8867,0.0,0.0,0.0
5/5/2023-17:50:12::2::26::260,0.21797411,0.5,0.5,0.5,1961.767,0.0,0.0,0.0
5/5/2023-17:50:12::3::30::304,0.22326247,0.5,0.5,0.5,2009.3623,0.0,0.0,0.0
5/5/2023-17:50:12::3::33::330,0.42932644,0.5,0.5,0.5,3863.938,0.0,0.0,0.0
5/5/2023-17:50:12::3::37::379,0.32568407,0.5,0.5,0.5,2931.1567,0.0,0.0,0.0
5/5/2023-17:50:12::4::42::429,0.39039782,0.5,0.5,0.5,3513.5803,0.0,0.0,0.0
5/5/2023-17:50:12::4::45::455,0.39561984,0.5,0.5,0.5,3560.5786,0.0,0.0,0.0
5/5/2023-17:50:12::5::50::504,0.3694634,0.5,0.5,0.5,3325.1707,0.0,0.0,0.0
5/5/2023-17:50:12::5::52::529,0.48652962,0.5,0.5,0.5,4378.7666,0.0,0.0,0.0
5/5/2023-17:50:12::5::58::580,0.432765,0.5,0.5,0.5,3894.885,0.0,0.0,0.0
5/5/2023-17:50:12::6::62::629,0.3434736,0.5,0.5,0.5,3091.2625,0.0,0.0,0.0
5/5/2023-17:50:12::6::65::654,0.2224267,0.5,0.5,0.5,2001.8403,0.0,0.0,0.0
5/5/2023-17:50:12::6::67::679,0.21629074,0.5,0.5,0.5,1946.6167,0.0,0.0,0.0
5/5/2023-17:50:12::7::73::730,0.41606387,0.5,0.5,0.5,3744.575,0.0,0.0,0.0
5/5/2023-17:50:12::7::78::780,0.4738176,0.5,0.5,0.5,4264.3584,0.0,0.0,0.0
5/5/2023-17:50:12::8::82::829,0.46113464,0.5,0.5,0.5,4150.212,0.0,0.0,0.0
5/5/2023-17:50:12::8::85::857,0.15140349,0.5,0.5,0.5,1362.6313,0.0,0.0,0.0
5/5/2023-17:50:12::9::90::904,0.18544409,0.5,0.5,0.5,1668.9968,0.0,0.0,0.0
5/5/2023-17:50:12::9::95::954,0.44037333,0.5,0.5,0.5,3963.36,0.0,0.0,0.0
5/5/2023-17:50:12::9::98::981,0.53839684,0.5,0.5,0.5,4845.5713,0.0,0.0,0.0
5/5/2023-17:50:12::0::3::30,0.15653177,0.5,0.5,0.5,1408.7859,0.0,0.0,0.0
5/5/2023-17:50:12::0::5::55,0.5023788,0.5,0.5,0.5,4521.409,0.0,0.0,0.0
5/5/2023-17:50:12::1::10::104,0.2207312,0.5,0.5,0.5,1986.5808,0.0,0.0,0.0
5/5/2023-17:50:12::1::12::128,0.25925726,0.5,0.5,0.5,2333.3152,0.0,0.0,0.0
5/5/2023-17:50:12::1::17::179,0.22587377,0.5,0.5,0.5,2032.8639,0.0,0.0,0.0
5/5/2023-17:50:13::2::23::230,0.17596184,0.5,0.5,0.5,1583.6565,0.0,0.0,0.0
5/5/2023-17:50:13::2::25::255,0.21522537,0.5,0.5,0.5,1937.0283,0.0,0.0,0.0
5/5/2023-17:50:13::3::30::304,0.12685221,0.5,0.5,0.5,1141.6699,0.0,0.0,0.0
5/5/2023-17:50:13::3::33::330,0.51039743,0.5,0.5,0.5,4593.577,0.0,0.0,0.0
5/5/2023-17:50:13::3::37::379,0.5390945,0.5,0.5,0.5,4851.8506,0.0,0.0,0.0
5/5/2023-17:50:13::4::40::404,0.26622623,0.5,0.5,0.5,2396.0361,0.0,0.0,0.0
5/5/2023-17:50:13::4::45::455,0.41880012,0.5,0.5,0.5,3769.201,0.0,0.0,0.0
5/5/2023-17:50:13::4::47::479,0.46802592,0.5,0.5,0.5,4212.2334,0.0,0.0,0.0
5/5/2023-17:50:13::5::52::529,0.17004003,0.5,0.5,0.5,1530.3602,0.0,0.0,0.0
5/5/2023-17:50:13::5::58::580,0.5472452,0.5,0.5,0.5,4925.207,0.0,0.0,0.0
5/5/2023-17:50:13::6::60::604,0.5413747,0.5,0.5,0.5,4872.372,0.0,0.0,0.0
5/5/2023-17:50:13::6::65::654,0.16042712,0.5,0.5,0.5,1443.8441,0.0,0.0,0.0
5/5/2023-17:50:13::6::67::678,0.3911568,0.5,0.5,0.5,3520.4111,0.0,0.0,0.0
5/5/2023-17:50:13::7::72::729,0.3602842,0.5,0.5,0.5,3242.5579,0.0,0.0,0.0
5/5/2023-17:50:13::7::77::779,0.16303073,0.5,0.5,0.5,1467.2766,0.0,0.0,0.0
5/5/2023-17:50:13::8::80::805,0.11857522,0.5,0.5,0.5,1067.177,0.0,0.0,0.0
5/5/2023-17:50:13::8::85::853,0.3401468,0.5,0.5,0.5,3061.3213,0.0,0.0,0.0
5/5/2023-17:50:13::9::90::904,0.14134452,0.5,0.5,0.5,1272.1007,0.0,0.0,0.0
5/5/2023-17:50:13::9::92::929,0.36575252,0.5,0.5,0.5,3291.7727,0.0,0.0,0.0
5/5/2023-17:50:13::9::97::979,0.27390006,0.5,0.5,0.5,2465.1006,0.0,0.0,0.0
5/5/2023-17:50:13::0::2::28,0.24627604,0.5,0.5,0.5,2216.4844,0.0,0.0,0.0
5/5/2023-17:50:13::0::5::55,0.24344288,0.5,0.5,0.5,2190.9858,0.0,0.0,0.0
5/5/2023-17:50:13::1::10::105,0.5309399,0.5,0.5,0.5,4778.459,0.0,0.0,0.0
5/5/2023-17:50:13::1::13::130,0.48604178,0.5,0.5,0.5,4374.376,0.0,0.0,0.0
5/5/2023-17:50:13::1::17::179,0.40308598,0.5,0.5,0.5,3627.7737,0.0,0.0,0.0
5/5/2023-17:50:14::2::22::228,0.5474186,0.5,0.5,0.5,4926.767,0.0,0.0,0.0
5/5/2023-17:50:14::2::25::254,0.52851915,0.5,0.5,0.5,4756.6724,0.0,0.0,0.0
5/5/2023-17:50:14::3::30::304,0.45457035,0.5,0.5,0.5,4091.133,0.0,0.0,0.0
5/5/2023-17:50:14::3::35::354,0.16542292,0.5,0.5,0.5,1488.8063,0.0,0.0,0.0
5/5/2023-17:50:14::3::37::379,0.43709978,0.5,0.5,0.5,3933.8982,0.0,0.0,0.0
5/5/2023-17:50:14::4::42::429,0.3096512,0.5,0.5,0.5,2786.8608,0.0,0.0,0.0
